Div;Date;Time;HomeTeam;AwayTeam;FTHG;FTAG;FTR;HTHG;HTAG;HTR;HS;AS;HST;AST;HF;AF;HC;AC;HY;AY;HR;AR;B365H;B365D;B365A;H_xG;A_xG;Affluence;xDiff;xRes
F1;05/08/2022;20:00:00;Lyon;Ajaccio;2;1;H;2;1;H;11;8;6;4;10;18;4;3;1;6;1;1;1,33;5,25;8,5;1,3;1,5;48,516;-0,2;D
F1;06/08/2022;16:00:00;Strasbourg;Monaco;1;2;A;0;1;A;11;24;7;11;18;15;3;7;0;2;0;0;2,62;3,25;2,75;0,8;2,8;25,359;-2;A
F1;06/08/2022;20:00:00;Clermont Foot;Paris S-G;0;5;A;0;3;A;7;18;1;12;13;13;0;6;2;1;0;0;9,5;6,5;1,25;0,3;3,5;12,203;-3,2;A
F1;07/08/2022;12:00:00;Toulouse;Nice;1;1;D;1;0;H;6;11;4;4;10;8;6;3;1;2;0;0;2,87;3,3;2,5;0,9;1,2;20,567;-0,3;D
F1;07/08/2022;14:00:00;Angers;Nantes;0;0;D;0;0;D;16;14;6;4;15;13;3;6;3;3;0;0;2,7;3,25;2,7;2,5;1,2;37,015;1,3;H
F1;07/08/2022;14:00:00;Lens;Brest;3;2;H;1;0;H;17;6;7;4;16;14;6;3;2;4;0;0;1,57;4,33;5,25;1,5;1,5;12;0;D
F1;07/08/2022;14:00:00;Lille;Auxerre;4;1;H;3;0;H;16;10;7;2;10;9;7;2;2;1;0;0;1,7;4;4,5;2,4;0,6;32,292;1,8;H
F1;07/08/2022;14:00:00;Montpellier;Troyes;3;2;H;2;2;D;17;15;6;10;13;10;3;6;1;0;0;0;2,2;3,5;3,3;1,7;2;12,003;-0,3;D
F1;07/08/2022;16:05:00;Rennes;Lorient;0;1;A;0;0;D;21;8;6;2;11;5;7;2;3;1;0;0;1,36;5,25;8,5;1,8;1,1;28,177;0,7;D
F1;07/08/2022;19:45:00;Marseille;Reims;4;1;H;2;0;H;16;16;6;6;14;10;6;7;2;0;0;0;1,57;4,2;5,5;2,1;0,9;62,738;1,2;H
F1;12/08/2022;20:00:00;Nantes;Lille;1;1;D;1;0;H;10;16;1;5;14;10;5;11;1;4;0;0;3;3,4;2,4;1;2;30,689;-1;A
F1;13/08/2022;16:00:00;Monaco;Rennes;1;1;D;0;0;D;12;24;4;8;6;11;1;6;0;3;1;0;2,15;3,5;3,25;1,8;2,1;8;-0,3;D
F1;13/08/2022;20:00:00;Paris S-G;Montpellier;5;2;H;2;0;H;20;7;10;4;15;18;11;0;2;1;0;0;1,08;12;21;3,2;0,9;46;2,3;H
F1;14/08/2022;14:00:00;Ajaccio;Lens;0;0;D;0;0;D;9;12;2;3;16;18;1;3;5;2;0;0;3,2;3,25;2,3;0,5;1,4;9,07;-0,9;D
F1;14/08/2022;14:00:00;Auxerre;Angers;2;2;D;2;1;H;11;11;4;2;10;16;4;5;5;3;1;0;2,2;3,25;3,5;2,7;1,9;9,456;0,8;D
F1;14/08/2022;14:00:00;Reims;Clermont Foot;2;4;A;2;0;H;9;10;6;5;18;8;1;6;3;3;1;0;2,15;3,2;3,6;0,8;1,4;15,577;-0,6;D
F1;14/08/2022;14:00:00;Troyes;Toulouse;0;3;A;0;1;A;12;10;2;4;14;19;6;6;2;1;0;0;2,7;3,2;2,7;1;1,5;6;-0,5;D
F1;14/08/2022;16:05:00;Nice;Strasbourg;1;1;D;1;0;H;13;9;3;5;7;13;7;3;1;4;0;0;2,15;3,3;3,5;1,6;0,9;24,707;0,7;D
F1;14/08/2022;19:45:00;Brest;Marseille;1;1;D;0;1;A;17;5;5;2;10;15;7;5;1;4;0;0;4,2;3,8;1,83;2;0,7;13,709;1,3;H
F1;19/08/2022;20:00:00;Lyon;Troyes;4;1;H;1;1;D;16;4;8;1;9;7;4;5;0;1;0;0;1,28;5,75;9;2,6;1;43;1,6;H
F1;20/08/2022;16:00:00;Monaco;Lens;1;4;A;1;2;A;12;14;5;6;18;13;3;5;4;0;1;0;1,75;3,8;4,33;1,6;2,5;8,7;-0,9;D
F1;20/08/2022;20:00:00;Marseille;Nantes;2;1;H;0;0;D;16;12;5;3;15;6;7;4;5;1;1;0;1,6;4,2;5,5;1,1;2,2;63,147;-1,1;A
F1;21/08/2022;12:00:00;Strasbourg;Reims;1;1;D;1;0;H;12;12;3;6;12;16;5;4;1;4;0;0;1,75;3,5;4,75;1,2;2;25,175;-0,8;D
F1;21/08/2022;14:00:00;Angers;Brest;1;3;A;0;2;A;7;11;5;7;9;10;3;6;2;0;1;0;2,3;3,25;3,2;1;1,3;13,137;-0,3;D
F1;21/08/2022;14:00:00;Clermont Foot;Nice;1;0;H;1;0;H;7;13;2;4;4;21;3;6;1;2;0;2;3,75;3,4;2,05;0,7;1,4;11,5;-0,7;D
F1;21/08/2022;14:00:00;Montpellier;Auxerre;1;2;A;1;0;H;13;7;7;2;10;13;7;2;1;3;2;2;2,1;3,4;3,5;0,6;1,8;8,735;-1,2;A
F1;21/08/2022;14:00:00;Toulouse;Lorient;2;2;D;1;1;D;16;14;8;4;14;10;3;6;2;1;0;0;2,05;3,5;3,6;1,8;2,5;23,862;-0,7;D
F1;21/08/2022;16:05:00;Rennes;Ajaccio;2;1;H;1;0;H;16;10;7;3;13;11;4;8;5;2;2;0;1,4;4,75;8;1,2;1,4;27,592;-0,2;D
F1;21/08/2022;19:45:00;Lille;Paris S-G;1;7;A;0;4;A;16;16;10;9;13;8;2;4;2;1;0;0;6;4,75;1,5;1,7;3,4;47,526;-1,7;A
F1;26/08/2022;20:00:00;Ajaccio;Lille;1;3;A;0;2;A;13;7;2;4;13;13;6;0;3;2;0;0;3,4;3,2;2,2;1,5;1,7;9,07;-0,2;D
F1;27/08/2022;16:00:00;Auxerre;Strasbourg;1;0;H;1;0;H;7;14;3;4;4;6;2;5;0;1;0;0;3,5;3,6;2,05;0,7;1,3;16,059;-0,6;D
F1;27/08/2022;20:00:00;Lens;Rennes;2;1;H;0;0;D;17;12;4;6;15;13;7;2;0;1;0;0;2,55;3,5;2,7;1,3;1;37,848;0,3;D
F1;28/08/2022;12:00:00;Nantes;Toulouse;3;1;H;0;1;A;16;9;8;3;11;9;4;5;0;3;0;0;2,37;3,3;3;1,5;0,6;26,574;0,9;D
F1;28/08/2022;14:00:00;Brest;Montpellier;0;7;A;0;5;A;6;14;0;8;15;16;5;4;0;2;1;0;1,9;3,6;4;2,9;0,6;10,591;2,3;H
F1;28/08/2022;14:00:00;Lorient;Clermont Foot;2;1;H;2;0;H;22;9;9;2;12;9;3;4;1;3;0;1;2,05;3,4;3,8;0,3;2,5;11,546;-2,2;A
F1;28/08/2022;14:00:00;Nice;Marseille;0;3;A;0;3;A;16;13;2;4;7;15;7;5;1;1;0;0;2,7;3,5;2,55;1;1,4;31,418;-0,4;D
F1;28/08/2022;14:00:00;Troyes;Angers;3;1;H;1;0;H;25;7;11;3;8;12;8;3;2;3;0;1;2,45;3,3;2,9;1,9;0,7;6,673;1,2;H
F1;28/08/2022;16:05:00;Reims;Lyon;1;1;D;1;0;H;8;18;5;5;12;12;2;7;1;1;1;0;4,2;4;1,75;0,4;1,1;14,93;-0,7;D
F1;28/08/2022;19:45:00;Paris S-G;Monaco;1;1;D;0;1;A;18;4;5;3;12;15;4;3;4;4;0;0;1,18;8;13;2,7;1,2;46;1,5;H
F1;31/08/2022;18:00:00;Angers;Reims;2;4;A;0;2;A;10;11;3;5;9;15;4;3;1;6;0;1;2,45;3,3;2,87;0,4;1,2;25,162;-0,8;D
F1;31/08/2022;18:00:00;Lyon;Auxerre;2;1;H;1;0;H;20;6;8;2;13;13;9;3;0;2;0;0;1,28;6;8,5;1,2;2,2;4,045;-1;A
F1;31/08/2022;18:00:00;Monaco;Troyes;2;4;A;1;2;A;8;19;6;11;13;11;8;6;3;1;1;0;1,36;5,25;8;2,6;0,7;38,609;1,9;H
F1;31/08/2022;18:00:00;Montpellier;Ajaccio;2;0;H;1;0;H;9;15;4;0;9;17;3;8;2;4;1;1;2,1;3,3;3,6;1,7;2,3;6,5;-0,6;D
F1;31/08/2022;18:00:00;Strasbourg;Nantes;1;1;D;1;0;H;5;12;2;3;13;18;3;6;0;3;0;0;1,85;3,6;4,2;1,7;1,2;10,051;0,5;D
F1;31/08/2022;20:00:00;Lens;Lorient;5;2;H;2;1;H;15;10;8;3;10;6;4;5;1;3;0;0;1,53;4;6,5;0,8;2,8;31,7;-2;A
F1;31/08/2022;20:00:00;Lille;Nice;1;2;A;1;2;A;18;3;6;2;15;21;6;3;1;4;0;0;2;3,5;3,75;0,9;1,6;30,254;-0,7;D
F1;31/08/2022;20:00:00;Marseille;Clermont Foot;1;0;H;0;0;D;21;3;7;0;16;12;7;1;2;2;0;0;1,36;5;8,5;1,5;0,5;27,392;1;H
F1;31/08/2022;20:00:00;Rennes;Brest;3;1;H;0;0;D;16;7;9;2;11;6;7;3;2;0;0;0;1,45;4,75;6,5;2,5;0,1;62,763;2,4;H
F1;31/08/2022;20:00:00;Toulouse;Paris S-G;0;3;A;0;1;A;14;20;7;13;10;7;3;9;1;0;0;0;13;7;1,2;3;1,1;37,161;1,9;H
F1;03/09/2022;16:00:00;Auxerre;Marseille;0;2;A;0;1;A;8;15;2;7;8;14;4;1;1;1;0;0;4,75;4;1,66;0,6;1,6;17,025;-1;A
F1;03/09/2022;18:00:00;Lyon;Angers;5;0;H;2;0;H;16;8;9;3;5;9;13;3;2;1;0;0;1,28;5,75;10;1,4;1;39,586;0,4;D
F1;03/09/2022;20:00:00;Nantes;Paris S-G;0;3;A;0;1;A;10;19;1;7;6;12;1;7;1;4;1;0;9,5;6,5;1,28;0,4;2,7;34,406;-2,3;A
F1;04/09/2022;12:00:00;Montpellier;Lille;1;3;A;1;1;D;4;26;2;7;8;11;1;9;0;4;1;0;3,25;3,75;2,1;0,5;1,6;12,215;-1,1;A
F1;04/09/2022;14:00:00;Ajaccio;Lorient;0;1;A;0;0;D;16;7;3;4;16;12;3;3;4;1;0;0;2,45;3,2;2,9;1,3;1,3;10,085;0;D
F1;04/09/2022;14:00:00;Brest;Strasbourg;1;1;D;1;1;D;11;10;2;3;15;9;7;3;3;1;0;1;2,8;3,4;2,45;2,1;1,9;15,761;0,2;D
F1;04/09/2022;14:00:00;Clermont Foot;Toulouse;2;0;H;0;0;D;12;14;3;4;14;12;4;6;4;1;0;0;2,8;3,5;2,4;0,8;2,4;11,003;-1,6;A
F1;04/09/2022;14:00:00;Reims;Lens;1;1;D;0;0;D;17;20;4;4;9;11;4;4;2;2;0;1;3,2;3,5;2,25;0,5;0,8;7;-0,3;D
F1;04/09/2022;16:05:00;Troyes;Rennes;1;1;D;1;0;H;9;19;1;6;13;22;3;5;2;2;1;0;4,33;4;1,75;0,9;2,4;8;-1,5;A
F1;04/09/2022;19:45:00;Nice;Monaco;0;1;A;0;0;D;12;14;5;2;10;12;3;6;2;1;0;0;2,7;3,6;2,37;0,7;1,1;24,125;-0,4;D
F1;07/09/2022;18:00:00;Lorient;Lyon;3;1;H;2;1;H;11;15;6;7;8;18;1;6;1;3;0;0;4,5;4,5;1,65;1;2,2;13,685;-1,2;A
F1;09/09/2022;20:00:00;Lens;Troyes;1;0;H;1;0;H;12;7;3;2;16;10;9;1;2;1;0;0;1,5;4,5;6;1,4;0,7;37,344;0,7;D
F1;10/09/2022;16:00:00;Paris S-G;Brest;1;0;H;1;0;H;13;6;4;3;13;16;3;5;4;2;0;0;1,07;13;23;1,7;1,1;45;0,6;D
F1;10/09/2022;20:00:00;Marseille;Lille;2;1;H;1;1;D;14;7;7;3;22;17;4;3;5;1;0;0;1,95;3,75;3,75;2,2;1;62,985;1,2;H
F1;11/09/2022;12:00:00;Strasbourg;Clermont Foot;0;0;D;0;0;D;12;10;4;4;20;15;3;5;4;2;1;0;1,66;3,75;5,5;1,2;0,8;25,089;0,4;D
F1;11/09/2022;14:00:00;Ajaccio;Nice;0;1;A;0;0;D;9;12;3;3;9;11;2;3;1;5;0;0;3,3;3;2,4;2,5;0,7;6,165;1,8;H
F1;11/09/2022;14:00:00;Angers;Montpellier;2;1;H;1;1;D;11;7;5;2;15;12;2;5;2;4;0;0;2,4;3,6;2,75;1,3;0,5;15,081;0,8;D
F1;11/09/2022;14:00:00;Lorient;Nantes;3;2;H;1;1;D;13;9;5;4;9;17;2;5;2;3;0;0;2,1;3,25;3,75;1,3;1;21,315;0,3;D
F1;11/09/2022;14:00:00;Toulouse;Reims;1;0;H;1;0;H;14;11;3;1;17;11;4;6;2;2;0;1;2,2;3,5;3,2;1,2;1,2;7,068;0;D
F1;11/09/2022;16:05:00;Rennes;Auxerre;5;0;H;1;0;H;12;7;9;3;11;9;2;1;1;0;0;0;1,4;4,75;8;1,6;0,7;27,837;0,9;D
F1;11/09/2022;19:45:00;Monaco;Lyon;2;1;H;0;0;D;11;20;4;6;12;9;1;6;1;2;0;0;2,5;3,5;2,7;1,7;2;7;-0,3;D
F1;16/09/2022;20:00:00;Auxerre;Lorient;1;3;A;0;3;A;17;12;5;8;13;11;9;5;3;1;0;0;2,7;3,3;2,6;2;2,5;14,866;-0,5;D
F1;17/09/2022;16:00:00;Montpellier;Strasbourg;2;1;H;1;0;H;10;8;4;2;11;20;8;6;4;4;0;0;2,45;3,6;2,7;1,8;0,6;10,78;1,2;H
F1;17/09/2022;20:00:00;Lille;Toulouse;2;1;H;1;0;H;10;14;4;5;20;14;5;7;2;0;0;0;1,75;3,9;4,5;1;0,8;33,635;0,2;D
F1;18/09/2022;12:00:00;Reims;Monaco;0;3;A;0;0;D;9;20;2;11;14;16;5;4;3;3;1;0;3,1;3,5;2,25;0,6;1,7;10;-1,1;A
F1;18/09/2022;14:00:00;Brest;Ajaccio;0;1;A;0;0;D;8;6;4;4;13;12;6;2;2;2;0;0;2,05;3,3;4;0,5;0,5;11,153;0;D
F1;18/09/2022;14:00:00;Clermont Foot;Troyes;1;3;A;1;1;D;14;9;2;4;8;15;5;1;0;3;0;0;2,25;3,4;3,2;1;1,5;10,753;-0,5;D
F1;18/09/2022;14:00:00;Marseille;Rennes;1;1;D;0;1;A;15;12;4;4;13;13;11;7;3;4;0;0;2,05;3,6;3,6;1,3;1,5;18,545;-0,2;D
F1;18/09/2022;14:00:00;Nice;Angers;0;1;A;0;1;A;18;16;5;3;9;11;5;4;0;4;1;1;1,61;4;5,5;1,6;1,2;62,753;0,4;D
F1;18/09/2022;16:05:00;Nantes;Lens;0;0;D;0;0;D;12;8;4;2;14;14;3;7;1;1;0;0;3,1;3,5;2,2;0,9;0,9;28,854;0;D
F1;18/09/2022;19:45:00;Lyon;Paris S-G;0;1;A;0;1;A;12;15;3;8;14;4;3;7;0;2;0;0;4,5;4,75;1,61;1;1,6;58,23;-0,6;D
F1;30/09/2022;20:00:00;Angers;Marseille;0;3;A;0;1;A;16;15;5;7;9;14;6;3;0;0;0;0;4,5;3,8;1,72;1,2;1,6;19;-0,4;D
F1;01/10/2022;16:00:00;Strasbourg;Rennes;1;3;A;0;1;A;9;17;3;7;9;13;1;5;0;2;1;0;3;3,5;2,3;1,3;3,2;25,226;-1,9;A
F1;01/10/2022;20:00:00;Paris S-G;Nice;2;1;H;1;0;H;12;4;4;1;16;9;4;0;1;1;0;0;1,16;8,5;13;1;0,5;47;0,5;D
F1;02/10/2022;12:00:00;Lorient;Lille;2;1;H;1;0;H;7;20;4;4;13;14;0;14;3;3;1;0;2,87;3,6;2,37;0,6;2,2;14,916;-1,6;A
F1;02/10/2022;14:00:00;Ajaccio;Clermont Foot;1;3;A;0;1;A;12;7;3;3;13;10;4;4;3;3;0;0;2,2;3,1;3,6;1,4;0,6;14,63;0,8;D
F1;02/10/2022;14:00:00;Auxerre;Brest;1;1;D;0;0;D;11;9;3;2;15;18;0;6;4;4;1;0;2,7;3,5;2,55;1,6;1;10,164;0,6;D
F1;02/10/2022;14:00:00;Toulouse;Montpellier;4;2;H;3;1;H;12;23;6;6;13;6;3;12;5;4;1;0;1,85;3,8;3,75;1,7;1,2;21,82;0,5;D
F1;02/10/2022;14:00:00;Troyes;Reims;2;2;D;0;1;A;19;5;6;2;13;13;10;2;4;2;0;1;2,5;3,4;2,8;1,5;1;6,61;0,5;D
F1;02/10/2022;16:05:00;Monaco;Nantes;4;1;H;3;0;H;10;7;6;2;8;10;7;7;0;1;0;0;1,53;4,5;5,5;2,1;0,5;5,202;1,6;H
F1;02/10/2022;19:45:00;Lens;Lyon;1;0;H;0;0;D;21;4;6;0;19;16;6;2;2;2;0;0;2,5;3,8;2,55;2,9;0,1;36,674;2,8;H
F1;07/10/2022;20:00:00;Lyon;Toulouse;1;1;D;1;0;H;19;5;8;2;13;11;4;5;2;2;0;0;1,45;5;6;1,4;0,5;41,295;0,9;D
F1;08/10/2022;16:00:00;Marseille;Ajaccio;1;2;A;1;1;D;10;6;2;1;17;18;11;2;0;2;0;0;1,33;4,75;10;1,7;0,2;63,312;1,5;H
F1;08/10/2022;20:00:00;Reims;Paris S-G;0;0;D;0;0;D;24;11;4;3;20;12;7;3;3;5;0;1;7;5,5;1,4;1,8;1,2;20,543;0,6;D
F1;09/10/2022;12:00:00;Montpellier;Monaco;0;2;A;0;1;A;11;11;1;7;13;16;7;2;2;3;0;0;3,6;4;1,9;0,7;1,2;13,048;-0,5;D
F1;09/10/2022;14:00:00;Angers;Strasbourg;2;3;A;1;2;A;14;15;8;7;16;14;6;6;1;1;0;0;2,62;3,4;2,6;0,9;1,1;9,819;-0,2;D
F1;09/10/2022;14:00:00;Brest;Lorient;1;2;A;1;1;D;12;14;4;5;14;13;7;8;3;1;0;0;2,3;3,5;3;2,1;2;8;0,1;D
F1;09/10/2022;14:00:00;Clermont Foot;Auxerre;2;1;H;0;0;D;10;14;6;5;4;17;4;4;0;0;0;0;2,1;3,5;3,5;1,1;1;11,119;0,1;D
F1;09/10/2022;14:00:00;Nice;Troyes;3;2;H;2;0;H;14;17;6;6;8;9;5;5;1;1;0;0;1,72;3,6;5;2,6;1,5;18,053;1,1;H
F1;09/10/2022;16:05:00;Rennes;Nantes;3;0;H;1;0;H;14;8;4;3;13;14;4;3;1;0;1;0;1,5;4,33;6;1,8;0,5;27,844;1,3;H
F1;09/10/2022;19:45:00;Lille;Lens;1;0;H;1;0;H;12;10;6;3;19;15;5;9;3;5;0;0;2,45;3,6;2,7;2,6;1,2;48,527;1,4;H
F1;14/10/2022;20:00:00;Strasbourg;Lille;0;3;A;0;1;A;12;10;1;7;12;17;3;0;3;1;0;0;3,1;3,3;2,37;0,6;2,3;25,313;-1,7;A
F1;15/10/2022;16:00:00;Lorient;Reims;0;0;D;0;0;D;10;7;3;2;10;17;2;2;1;3;0;2;2,25;3,4;3,25;0,8;0,6;15,776;0,2;D
F1;15/10/2022;20:00:00;Lens;Montpellier;1;0;H;0;0;D;17;8;5;1;12;10;4;5;2;2;0;0;1,4;5;7;1,8;0,7;37,32;1,1;H
F1;16/10/2022;12:00:00;Toulouse;Angers;3;2;H;2;1;H;14;13;7;6;12;15;2;8;3;2;0;0;1,83;3,8;4;2,4;1,2;21,141;1,2;H
F1;16/10/2022;14:00:00;Auxerre;Nice;1;1;D;1;1;D;11;9;3;2;11;3;2;6;0;0;0;0;3,6;3,5;2,05;1,6;1,1;28,152;0,5;D
F1;16/10/2022;14:00:00;Nantes;Brest;4;1;H;2;1;H;17;11;6;2;12;10;7;5;0;2;0;0;2,2;3,3;3,4;0,6;2,4;7,731;-1,8;A
F1;16/10/2022;14:00:00;Rennes;Lyon;3;2;H;1;1;D;14;7;5;5;13;14;3;2;2;2;0;0;2,3;3,7;2,87;0,8;1,6;14,125;-0,8;D
F1;16/10/2022;14:00:00;Troyes;Ajaccio;1;1;D;0;0;D;9;15;2;7;8;14;3;5;2;1;0;0;2,15;3,2;3,6;2,9;0,7;25,759;2,2;H
F1;16/10/2022;16:05:00;Monaco;Clermont Foot;1;1;D;1;0;H;6;21;4;7;8;11;3;4;2;4;1;0;1,36;5,25;8;1,1;1,9;4,731;-0,8;D
F1;16/10/2022;19:45:00;Paris S-G;Marseille;1;0;H;1;0;H;23;18;8;7;9;16;7;6;1;0;0;1;1,36;5,5;7,5;2,5;1,2;47;1,3;H
F1;21/10/2022;20:00:00;Ajaccio;Paris S-G;0;3;A;0;1;A;8;11;1;6;13;13;3;8;0;1;0;0;9;5,5;1,3;0,3;2,5;10;-2,2;A
F1;22/10/2022;16:00:00;Montpellier;Lyon;1;2;A;0;1;A;10;21;4;10;9;18;4;7;2;2;1;1;4;3,8;1,85;1,1;2,7;15,339;-1,6;A
F1;22/10/2022;20:00:00;Marseille;Lens;0;1;A;0;0;D;13;12;3;4;19;20;7;3;3;3;0;0;2,15;3,5;3,3;1,8;0,9;56,414;0,9;D
F1;23/10/2022;12:00:00;Angers;Rennes;1;2;A;0;1;A;7;14;2;5;9;11;5;6;2;2;0;0;4;4;1,83;1,2;2,2;11,5;-1;A
F1;23/10/2022;14:00:00;Clermont Foot;Brest;1;3;A;0;1;A;14;19;4;11;10;17;7;4;4;1;0;0;2,37;3,4;3;0,8;1,4;10;-0,6;D
F1;23/10/2022;14:00:00;Reims;Auxerre;2;1;H;1;1;D;19;10;10;2;13;12;8;2;4;0;0;0;1,83;3,6;4,2;1;3;7,275;-2;A
F1;23/10/2022;14:00:00;Toulouse;Strasbourg;2;2;D;1;0;H;17;11;6;5;14;8;6;6;2;1;1;0;2,2;3,5;3,2;2,4;0,7;11,411;1,7;H
F1;23/10/2022;14:00:00;Troyes;Lorient;2;2;D;1;0;H;13;21;4;5;8;9;3;6;2;0;0;0;2,3;3,5;3;2,2;1,8;21,622;0,4;D
F1;23/10/2022;16:05:00;Nice;Nantes;1;1;D;0;0;D;11;11;5;4;9;9;7;3;3;4;0;2;1,85;3,5;4,33;1,4;1;20,166;0,4;D
F1;23/10/2022;19:45:00;Lille;Monaco;4;3;H;2;2;D;20;9;7;6;8;10;6;6;1;2;0;0;2,45;3,7;2,7;2,5;1,1;35,362;1,4;H
F1;28/10/2022;20:00:00;Lens;Toulouse;3;0;H;0;0;D;13;9;8;0;12;13;6;8;2;1;0;0;1,55;4,5;5,5;2,4;0,7;37,488;1,7;H
F1;29/10/2022;16:00:00;Paris S-G;Troyes;4;3;H;1;1;D;19;16;11;5;9;12;8;4;0;3;0;0;1,09;11;23;2,9;2;47;0,9;D
F1;29/10/2022;20:00:00;Strasbourg;Marseille;2;2;D;0;2;A;12;13;5;5;14;11;3;0;0;2;0;0;2,9;3,5;2,37;1,1;2;25,687;-0,9;D
F1;30/10/2022;12:00:00;Auxerre;Ajaccio;1;0;H;1;0;H;18;5;5;1;13;12;5;5;1;1;1;1;2,6;3,1;2,9;1,5;0,4;15,092;1,1;H
F1;30/10/2022;14:00:00;Brest;Reims;0;0;D;0;0;D;12;11;4;3;15;13;5;5;1;1;0;0;2,62;3,3;2,7;1,2;0,9;26,617;0,3;D
F1;30/10/2022;14:00:00;Monaco;Angers;2;0;H;0;0;D;8;8;5;4;18;15;7;0;3;3;0;0;1,4;5,25;7;1,8;0,6;7,069;1,2;H
F1;30/10/2022;14:00:00;Nantes;Clermont Foot;1;1;D;0;0;D;13;10;4;6;15;9;2;2;0;2;0;0;2;3,75;3,6;1,5;1;11,008;0,5;D
F1;30/10/2022;14:00:00;Rennes;Montpellier;3;0;H;2;0;H;14;8;3;3;15;12;3;4;1;2;0;0;1,33;5,5;8;1,7;0,7;30,894;1;H
F1;30/10/2022;16:05:00;Lorient;Nice;1;2;A;1;0;H;14;16;8;5;7;7;8;3;0;1;0;0;2,45;3,4;2,87;1,8;1,8;16,034;0;D
F1;30/10/2022;19:45:00;Lyon;Lille;1;0;H;0;0;D;6;15;3;5;11;15;3;6;3;1;0;0;2;3,75;3,5;1,6;1,5;55,79;0,1;D
F1;04/11/2022;20:00:00;Troyes;Auxerre;1;1;D;1;0;H;21;13;6;2;9;10;10;5;2;0;0;0;1,95;3,6;3,8;1,9;1,4;12,689;0,5;D
F1;05/11/2022;16:00:00;Ajaccio;Strasbourg;4;2;H;4;2;H;12;9;7;5;15;20;4;3;0;4;1;0;2,8;3,2;2,62;3,7;0,9;7,203;2,8;H
F1;05/11/2022;20:00:00;Angers;Lens;1;2;A;0;1;A;6;12;3;4;16;6;3;4;1;2;0;0;5;4;1,66;0,5;1,8;11,585;-1,3;A
F1;06/11/2022;12:00:00;Lorient;Paris S-G;1;2;A;0;1;A;9;15;2;8;10;9;5;8;1;1;0;0;9,5;6,5;1,28;0,8;1,6;16,778;-0,8;D
F1;06/11/2022;14:00:00;Clermont Foot;Montpellier;1;1;D;0;1;A;16;7;7;3;14;17;5;1;1;2;0;0;2,37;3,5;2,9;0,7;2,4;23,005;-1,7;A
F1;06/11/2022;14:00:00;Nice;Brest;1;0;H;0;0;D;14;12;9;2;6;11;2;6;1;1;0;0;1,8;3,75;4,33;2,8;0,7;11,477;2,1;H
F1;06/11/2022;14:00:00;Reims;Nantes;1;0;H;0;0;D;22;15;9;5;7;13;10;4;2;4;0;1;2,05;3,5;3,4;1,1;1,1;19,035;0;D
F1;06/11/2022;14:00:00;Toulouse;Monaco;0;2;A;0;0;D;13;24;5;10;9;11;7;6;0;1;0;0;3,2;3,8;2,1;3,4;1,2;10,99;2,2;H
F1;06/11/2022;16:05:00;Lille;Rennes;1;1;D;1;0;H;19;3;7;2;9;14;6;2;4;1;0;1;2,45;3,6;2,75;2,4;0,9;35,539;1,5;H
F1;06/11/2022;19:45:00;Marseille;Lyon;1;0;H;1;0;H;6;11;2;4;9;13;6;4;0;1;0;0;2,2;3,5;3,2;0,8;0,9;62,975;-0,1;D
F1;11/11/2022;20:00:00;Lyon;Nice;1;1;D;0;1;A;9;13;3;3;7;7;3;4;1;0;0;0;1,75;3,8;4,5;1,3;1,6;57;-0,3;D
F1;12/11/2022;16:00:00;Lens;Clermont Foot;2;1;H;0;1;A;16;5;3;2;19;17;5;3;1;3;0;0;1,44;4,75;7,5;1,5;0,2;37,519;1,3;H
F1;12/11/2022;20:00:00;Rennes;Toulouse;2;1;H;1;0;H;16;10;8;4;9;10;4;4;0;0;0;0;1,5;4,5;6;2,1;1;26,835;1,1;H
F1;13/11/2022;12:00:00;Paris S-G;Auxerre;5;0;H;1;0;H;9;9;6;3;5;7;3;7;0;0;0;0;1,11;10;17;2;0,7;45;1,3;H
F1;13/11/2022;14:00:00;Brest;Troyes;2;1;H;0;0;D;15;8;5;2;13;12;5;5;3;2;0;1;2;3,6;3,5;0,6;0,6;36,36;0;D
F1;13/11/2022;14:00:00;Lille;Angers;1;0;H;1;0;H;9;8;4;2;18;12;2;6;3;1;1;0;1,33;5,5;8,5;1,7;2,1;11,778;-0,4;D
F1;13/11/2022;14:00:00;Montpellier;Reims;1;1;D;0;0;D;16;17;8;4;15;15;11;7;2;2;0;0;2,5;3,4;2,8;2,4;1;10,642;1,4;H
F1;13/11/2022;14:00:00;Nantes;Ajaccio;2;2;D;0;0;D;15;13;5;4;16;17;9;6;3;3;0;0;2;3,3;4;1,1;2,5;29,407;-1,4;A
F1;13/11/2022;16:05:00;Strasbourg;Lorient;1;1;D;0;1;A;20;6;4;2;9;9;4;2;4;1;0;0;2,15;3,5;3,3;2,3;0,5;25,117;1,8;H
F1;13/11/2022;19:45:00;Monaco;Marseille;2;3;A;1;1;D;11;11;6;3;17;9;5;4;3;1;0;0;2,3;3,6;2,9;2;1,9;10,631;0,1;D
F1;28/12/2022;14:00:00;Ajaccio;Angers;1;0;H;1;0;H;11;14;3;4;13;13;3;5;1;0;0;0;2;3,4;4;1,6;1,9;7,088;-0,3;D
F1;28/12/2022;14:00:00;Troyes;Nantes;0;0;D;0;0;D;6;19;2;5;9;13;4;4;0;2;0;0;2,38;3,6;2,88;0,2;1,5;9,043;-1,3;A
F1;28/12/2022;16:00:00;Auxerre;Monaco;2;3;A;1;1;D;11;6;6;3;9;15;1;3;1;0;0;0;4,5;4;1,73;1,3;1,3;16,503;0;D
F1;28/12/2022;18:00:00;Clermont Foot;Lille;0;2;A;0;0;D;9;14;3;3;9;17;3;3;4;2;1;0;4,2;3,75;1,83;0,7;1,6;13,122;-0,9;D
F1;28/12/2022;20:00:00;Brest;Lyon;2;4;A;1;3;A;17;17;5;10;8;19;6;6;2;2;0;0;3,75;3,6;1,95;1,3;3,1;14,601;-1,8;A
F1;28/12/2022;20:00:00;Paris S-G;Strasbourg;2;1;H;1;0;H;9;10;6;3;6;12;8;3;4;1;1;0;1,22;6,5;13;2,1;1,3;47;0,8;D
F1;29/12/2022;16:00:00;Lorient;Montpellier;0;2;A;0;2;A;12;14;4;6;15;15;5;2;3;4;0;0;1,95;3,75;3,75;1;1,7;15,963;-0,7;D
F1;29/12/2022;18:00:00;Reims;Rennes;3;1;H;2;1;H;10;11;4;5;8;8;4;6;2;2;0;0;3,3;3,4;2,2;1,4;1,6;13,262;-0,2;D
F1;29/12/2022;20:00:00;Marseille;Toulouse;6;1;H;2;0;H;13;10;7;6;14;8;1;6;1;2;0;0;1,5;4,5;6;2,6;1,8;61,371;0,8;D
F1;29/12/2022;20:00:00;Nice;Lens;0;0;D;0;0;D;9;10;5;2;11;18;4;6;2;3;0;0;3,2;3;2,45;1;1;24,672;0;D
F1;01/01/2023;14:00:00;Angers;Lorient;1;2;A;1;0;H;14;10;6;5;16;9;7;7;3;0;0;0;2,75;3,4;2,5;1,1;0;25,957;1,1;H
F1;01/01/2023;14:00:00;Monaco;Brest;1;0;H;0;0;D;17;13;5;6;23;14;7;5;3;4;0;0;1,5;4,75;5,5;1,4;0,8;6,15;0,6;D
F1;01/01/2023;14:00:00;Nantes;Auxerre;1;0;H;0;0;D;10;14;3;6;10;19;3;7;1;2;0;0;1,85;3,4;4,33;2,3;0,6;6;1,7;H
F1;01/01/2023;14:00:00;Toulouse;Ajaccio;2;0;H;0;0;D;11;1;4;0;15;15;5;2;3;1;0;0;2;3,4;3,8;1;0,8;23,266;0,2;D
F1;01/01/2023;16:00:00;Lyon;Clermont Foot;0;1;A;0;0;D;13;13;2;3;21;13;7;4;1;3;0;0;1,5;4,5;6;0,7;1,2;30;-0,5;D
F1;01/01/2023;19:45:00;Lens;Paris S-G;3;1;H;2;1;H;10;16;4;6;16;12;3;7;2;3;0;0;3,25;3,6;2,2;1,8;1,6;38,047;0,2;D
F1;02/01/2023;14:00:00;Strasbourg;Troyes;2;3;A;1;2;A;17;9;7;5;10;12;3;1;1;2;0;0;1,8;3,8;4,33;1,1;1,2;25,135;-0,1;D
F1;02/01/2023;16:00:00;Lille;Reims;1;1;D;1;0;H;14;9;5;6;8;12;5;1;1;1;0;0;1,65;4;5,25;2,3;0,8;31,086;1,5;H
F1;02/01/2023;18:00:00;Montpellier;Marseille;1;2;A;0;0;D;8;18;1;9;10;14;5;7;2;2;0;1;4,5;4;1,73;1,4;1,4;18,971;0;D
F1;02/01/2023;20:00:00;Rennes;Nice;2;1;H;1;1;D;20;7;5;3;16;7;5;2;1;1;0;0;1,8;4;4;1,9;0,4;27,427;1,5;H
F1;11/01/2023;18:00:00;Ajaccio;Reims;0;1;A;0;1;A;11;9;1;3;20;22;2;2;3;3;0;0;3,1;3,1;2,5;1,7;1,1;10,648;0,6;D
F1;11/01/2023;18:00:00;Auxerre;Toulouse;0;5;A;0;3;A;19;9;4;7;22;13;7;4;3;1;0;0;2,75;3,3;2,6;1;0,9;6,648;0,1;D
F1;11/01/2023;18:00:00;Brest;Lille;0;0;D;0;0;D;5;11;0;4;15;12;0;8;0;1;0;0;4;3,6;1,91;1,1;2,2;12,405;-1,1;A
F1;11/01/2023;18:00:00;Clermont Foot;Rennes;2;1;H;1;0;H;11;9;5;2;12;13;4;1;0;2;0;2;4,2;3,5;1,91;0,3;0,7;11,452;-0,4;D
F1;11/01/2023;18:00:00;Nantes;Lyon;0;0;D;0;0;D;13;10;5;6;12;15;6;1;2;3;0;0;3,3;3,4;2,2;1,1;0,5;27,657;0,6;D
F1;11/01/2023;20:00:00;Lorient;Monaco;2;2;D;0;0;D;8;16;6;4;8;13;3;4;1;1;0;0;3,8;3,75;1,91;0,2;1,9;14,222;-1,7;A
F1;11/01/2023;20:00:00;Nice;Montpellier;6;1;H;2;0;H;16;4;10;2;16;17;3;4;1;1;0;0;1,8;3,6;4,5;2,5;0,2;17,5;2,3;H
F1;11/01/2023;20:00:00;Paris S-G;Angers;2;0;H;1;0;H;9;6;6;0;5;10;5;1;1;2;0;0;1,11;10;19;1,3;0,5;47;0,8;D
F1;11/01/2023;20:00:00;Strasbourg;Lens;2;2;D;2;2;D;9;15;6;8;15;10;3;4;1;1;0;0;3,8;3,5;1,95;1,3;1,8;14,521;-0,5;D
F1;11/01/2023;20:00:00;Troyes;Marseille;0;2;A;0;1;A;5;13;1;4;12;13;4;7;2;3;0;0;5;4;1,67;0,8;1,9;25,624;-1,1;A
F1;14/01/2023;16:00:00;Lens;Auxerre;1;0;H;0;0;D;10;6;2;1;21;16;9;2;2;4;0;1;1,36;4,75;9;2;0,3;38,208;1,7;H
F1;14/01/2023;18:00:00;Marseille;Lorient;3;1;H;1;1;D;16;11;8;3;14;12;6;3;1;0;0;0;1,4;5;7,5;2,2;0,5;62,276;1,7;H
F1;14/01/2023;20:00:00;Lyon;Strasbourg;1;2;A;1;2;A;28;8;7;6;10;16;14;2;1;3;0;0;1,6;4,2;5,25;2,8;1,1;38,473;1,7;H
F1;15/01/2023;12:00:00;Lille;Troyes;5;1;H;2;0;H;23;10;13;2;12;5;7;2;1;0;0;0;1,4;4,75;8;3,8;0,9;31,254;2,9;H
F1;15/01/2023;14:00:00;Angers;Clermont Foot;1;2;A;0;1;A;5;10;1;6;15;11;3;1;2;2;0;0;2,45;3,4;2,88;1,4;1;20,637;0,4;D
F1;15/01/2023;14:00:00;Montpellier;Nantes;0;3;A;0;1;A;11;12;5;7;13;14;3;5;1;2;2;0;2,55;3,4;2,75;0,9;0,6;10,947;0,3;D
F1;15/01/2023;14:00:00;Reims;Nice;0;0;D;0;0;D;13;6;2;4;5;5;5;3;1;1;0;0;2,4;3,25;3;0,9;0,8;11,383;0,1;D
F1;15/01/2023;14:00:00;Toulouse;Brest;1;1;D;0;1;A;16;17;7;5;16;12;10;5;2;2;0;0;1,95;3,6;3,75;0,6;1,7;12,16;-1,1;A
F1;15/01/2023;16:05:00;Monaco;Ajaccio;7;1;H;5;1;H;11;5;8;2;8;14;3;3;1;2;0;0;1,4;4,75;8;3,7;0,3;8;3,4;H
F1;15/01/2023;19:45:00;Rennes;Paris S-G;1;0;H;0;0;D;8;8;6;1;8;17;4;5;0;0;0;0;5;4,75;1,57;0,8;1;27,566;-0,2;D
F1;27/01/2023;20:00:00;Lorient;Rennes;2;1;H;2;0;H;4;19;4;6;4;6;2;10;1;1;0;0;4;3,5;1,95;0,9;1,5;16,782;-0,6;D
F1;28/01/2023;16:00:00;Troyes;Lens;1;1;D;0;0;D;6;21;1;5;12;7;3;11;2;2;0;0;5;3,8;1,7;1,2;2,9;13,5;-1,7;A
F1;28/01/2023;20:00:00;Marseille;Monaco;1;1;D;0;1;A;22;11;6;4;7;9;6;3;2;2;0;0;2,1;3,6;3,4;1,6;1,5;64,502;0,1;D
F1;29/01/2023;12:00:00;Nice;Lille;1;0;H;1;0;H;12;16;6;7;12;11;5;7;3;2;0;0;2,9;3,25;2,5;1,6;1,6;22,126;0;D
F1;29/01/2023;14:00:00;Auxerre;Montpellier;0;2;A;0;0;D;16;4;5;3;13;18;5;3;1;3;0;0;2,45;3,3;3;0,7;0,1;11,015;0,6;D
F1;29/01/2023;14:00:00;Brest;Angers;4;0;H;2;0;H;9;8;7;1;10;17;4;5;0;2;0;0;2,15;3,4;3,4;1,6;0,8;12,629;0,8;D
F1;29/01/2023;14:00:00;Clermont Foot;Nantes;0;0;D;0;0;D;9;4;0;0;9;23;9;1;2;1;0;0;2,4;3,25;3,1;1,8;0,7;14,206;1,1;H
F1;29/01/2023;14:00:00;Strasbourg;Toulouse;1;2;A;1;1;D;11;10;2;3;14;10;4;2;2;2;1;0;2,3;3,5;3,1;1,3;1,2;25,196;0,1;D
F1;29/01/2023;16:05:00;Ajaccio;Lyon;0;2;A;0;1;A;16;8;5;2;22;18;5;1;2;3;0;0;4,5;3,6;1,83;1,7;1,9;6,788;-0,2;D
F1;29/01/2023;19:45:00;Paris S-G;Reims;1;1;D;0;0;D;12;17;5;4;5;10;3;3;2;1;1;0;1,22;7;11;1,6;2,5;46;-0,9;D
F1;01/02/2023;18:00:00;Angers;Ajaccio;1;2;A;1;0;H;6;9;2;4;18;11;2;6;1;2;1;0;2,25;3,2;3,4;1,3;1,4;32,498;-0,1;D
F1;01/02/2023;18:00:00;Lille;Clermont Foot;0;0;D;0;0;D;22;13;5;5;15;11;8;3;0;1;0;0;1,5;4,2;7;1,2;1,7;34,125;-0,5;D
F1;01/02/2023;18:00:00;Nantes;Marseille;0;2;A;0;0;D;12;13;2;4;14;16;5;7;4;3;0;0;4,5;3,8;1,75;2,2;1,2;17,725;1;H
F1;01/02/2023;18:00:00;Reims;Lorient;4;2;H;1;2;A;31;12;9;5;11;7;5;7;1;0;0;0;1,8;3,6;4,5;0,4;1,4;7,255;-1;A
F1;01/02/2023;18:00:00;Toulouse;Troyes;4;1;H;2;1;H;13;11;6;3;12;14;8;0;2;3;0;0;1,73;4;4,33;3,8;0,6;10,746;3,2;H
F1;01/02/2023;20:00:00;Lens;Nice;0;1;A;0;0;D;9;14;4;6;12;8;5;3;0;2;0;0;1,73;3,4;5,5;2,5;0,6;30,837;1,9;H
F1;01/02/2023;20:00:00;Lyon;Brest;0;0;D;0;0;D;28;8;8;1;10;13;15;2;0;0;0;0;1,5;4,33;6,5;1,2;1,4;3,561;-0,2;D
F1;01/02/2023;20:00:00;Monaco;Auxerre;3;2;H;2;0;H;16;11;6;3;11;7;5;4;0;0;0;0;1,33;5,5;9;0,5;4,4;17,454;-3,9;A
F1;01/02/2023;20:00:00;Montpellier;Paris S-G;1;3;A;0;0;D;6;19;3;8;9;12;1;3;1;1;0;0;8,5;6;1,3;0,6;2,1;37,437;-1,5;A
F1;01/02/2023;20:00:00;Rennes;Strasbourg;3;0;H;2;0;H;6;3;3;0;12;13;4;0;0;1;0;0;1,55;4;6,5;1,1;0,1;26,176;1;H
F1;04/02/2023;16:00:00;Paris S-G;Toulouse;2;1;H;1;1;D;22;14;5;5;9;14;6;2;2;2;0;0;1,36;5,25;7,5;1,9;0,8;45;1,1;H
F1;04/02/2023;18:00:00;Troyes;Lyon;1;3;A;0;1;A;8;10;2;6;10;14;5;6;0;1;0;0;4,5;4,2;1,7;1;0,8;10,24;0,2;D
F1;04/02/2023;20:00:00;Rennes;Lille;1;3;A;1;0;H;10;15;6;6;16;9;2;1;1;2;0;0;2,25;3,5;3,1;1,8;2,2;28,082;-0,4;D
F1;05/02/2023;12:00:00;Clermont Foot;Monaco;0;2;A;0;2;A;8;14;3;5;9;21;2;4;1;2;0;0;3,8;3,8;1,85;0,4;1,4;11,598;-1;A
F1;05/02/2023;14:00:00;Ajaccio;Nantes;0;2;A;0;0;D;8;7;2;3;16;16;2;2;2;1;1;0;2,75;3,1;2,7;0,9;0,9;25,028;0;D
F1;05/02/2023;14:00:00;Auxerre;Reims;0;0;D;0;0;D;12;8;3;4;13;10;4;5;2;0;0;0;3,5;3,5;2,1;0,3;1,2;6,908;-0,9;D
F1;05/02/2023;14:00:00;Lorient;Angers;0;0;D;0;0;D;13;13;2;5;16;16;8;6;2;4;0;0;1,85;3,6;4,2;1,2;0,6;14,68;0,6;D
F1;05/02/2023;14:00:00;Strasbourg;Montpellier;2;0;H;2;0;H;6;11;2;0;11;16;4;7;3;1;1;0;2,05;3,3;3,8;1;0,7;12,705;0,3;D
F1;05/02/2023;16:05:00;Brest;Lens;1;1;D;0;0;D;16;20;3;7;15;9;11;5;4;2;0;0;4,5;3,6;1,75;2;2,5;11,639;-0,5;D
F1;05/02/2023;19:45:00;Marseille;Nice;1;3;A;0;2;A;22;14;5;8;10;5;9;1;0;1;0;0;1,7;4;4,75;2,3;1,4;65,234;0,9;D
F1;10/02/2023;20:00:00;Nice;Ajaccio;3;0;H;1;0;H;11;6;3;3;9;7;5;5;1;0;0;0;1,57;3,8;6,5;0,6;0,4;20,163;0,2;D
F1;11/02/2023;16:00:00;Monaco;Paris S-G;3;1;H;3;1;H;19;7;9;2;9;11;3;2;0;1;0;0;2,63;3,4;2,6;2,9;0,8;16,5;2,1;H
F1;11/02/2023;20:00:00;Clermont Foot;Marseille;0;2;A;0;1;A;9;17;4;5;15;16;3;4;4;3;0;0;5,5;3,5;1,7;0,8;2,6;13,576;-1,8;A
F1;12/02/2023;12:00:00;Toulouse;Rennes;3;1;H;3;0;H;13;13;7;4;12;17;2;7;1;1;0;0;3,2;3,3;2,3;2,1;1,3;21,783;0,8;D
F1;12/02/2023;14:00:00;Angers;Auxerre;1;1;D;1;1;D;10;15;5;4;10;9;6;4;2;0;0;0;2,2;3,5;3,2;0,9;2,6;7,873;-1,7;A
F1;12/02/2023;14:00:00;Lille;Strasbourg;2;0;H;2;0;H;14;5;10;0;13;13;5;4;1;2;0;0;1,45;4,5;6,5;2,7;0,3;30,812;2,4;H
F1;12/02/2023;14:00:00;Montpellier;Brest;3;0;H;2;0;H;16;10;7;2;15;20;4;3;1;2;0;0;2,38;3,3;3;2,5;0,8;12,901;1,7;H
F1;12/02/2023;14:00:00;Reims;Troyes;4;0;H;2;0;H;20;7;10;2;13;14;5;2;1;2;0;0;1,55;4,33;5,75;2,3;0,9;8,115;1,4;H
F1;12/02/2023;16:05:00;Nantes;Lorient;1;0;H;0;0;D;13;9;6;5;12;11;7;3;0;0;0;0;2;3,5;3,75;1;1,1;33,579;-0,1;D
F1;12/02/2023;19:45:00;Lyon;Lens;2;1;H;1;1;D;11;14;5;4;15;11;2;5;1;1;0;0;2,3;3,5;2,9;1,4;1,1;53,426;0,3;D
F1;17/02/2023;20:00:00;Auxerre;Lyon;2;1;H;0;1;A;8;6;3;4;17;12;6;4;4;2;0;0;4;3,6;1,95;1,5;0,8;16,396;0,7;D
F1;18/02/2023;16:00:00;Nice;Reims;0;0;D;0;0;D;16;10;1;2;9;13;9;0;1;1;0;0;2,1;3,4;3,5;1,2;1,6;18,102;-0,4;D
F1;18/02/2023;20:00:00;Strasbourg;Angers;2;1;H;2;0;H;18;10;5;3;14;16;4;5;3;3;0;0;1,83;3,5;4,5;1,7;1,2;25,062;0,5;D
F1;19/02/2023;12:00:00;Paris S-G;Lille;4;3;H;2;1;H;12;16;10;7;9;19;3;6;2;4;0;0;1,62;4;5,5;2;2,4;46;-0,4;D
F1;19/02/2023;14:00:00;Brest;Monaco;1;2;A;0;1;A;13;10;3;3;7;10;5;5;1;2;0;0;4,5;3,6;1,8;0,1;1,6;7,745;-1,5;A
F1;19/02/2023;14:00:00;Lorient;Ajaccio;3;0;H;2;0;H;10;12;6;3;11;14;2;2;0;2;0;0;2;3,4;3,8;2,5;0,7;12,918;1,8;H
F1;19/02/2023;14:00:00;Rennes;Clermont Foot;2;0;H;1;0;H;18;7;6;3;9;10;2;7;0;2;0;0;1,57;3,8;6,5;0,9;1,5;13,203;-0,6;D
F1;19/02/2023;14:00:00;Troyes;Montpellier;0;1;A;0;0;D;4;19;2;7;12;9;2;10;2;1;1;1;2,75;3,25;2,6;2,4;1,1;27,798;1,3;H
F1;19/02/2023;16:05:00;Lens;Nantes;3;1;H;2;1;H;19;6;6;3;9;15;2;5;0;0;0;0;1,5;4;7;2,4;0,3;37,984;2,1;H
F1;19/02/2023;19:45:00;Toulouse;Marseille;2;3;A;1;0;H;15;15;6;7;8;10;3;10;0;2;0;0;3,8;3,75;1,91;2;1;29,218;1;H
F1;24/02/2023;20:00:00;Lille;Brest;2;1;H;0;1;A;18;3;4;0;8;11;11;2;2;2;0;1;1,36;5;8,5;1;0,2;30,257;0,8;D
F1;25/02/2023;16:00:00;Angers;Lyon;1;3;A;0;1;A;11;7;2;5;16;6;2;2;0;0;0;0;5;4;1,67;1,5;1,1;12,031;0,4;D
F1;25/02/2023;20:00:00;Montpellier;Lens;1;1;D;0;1;A;8;19;3;6;12;13;4;6;0;3;0;0;4,33;3,75;1,8;0,6;1,9;17,074;-1,3;A
F1;26/02/2023;12:00:00;Lorient;Auxerre;0;1;A;0;0;D;18;9;4;1;12;21;10;0;2;3;0;0;2,05;3,4;3,6;1,5;0,7;13,089;0,8;D
F1;26/02/2023;14:00:00;Ajaccio;Troyes;2;1;H;0;1;A;14;11;6;5;8;15;6;3;2;2;0;1;2,2;3,1;3,5;1,2;1,2;10,221;0;D
F1;26/02/2023;14:00:00;Clermont Foot;Strasbourg;1;1;D;0;1;A;11;12;4;6;17;25;7;2;1;4;0;0;2,55;3,2;2,88;3,8;1,5;5,983;2,3;H
F1;26/02/2023;14:00:00;Nantes;Rennes;0;1;A;0;1;A;20;11;7;3;8;12;12;4;2;2;0;0;3,5;3,3;2,15;2,7;1,1;12,139;1,6;H
F1;26/02/2023;14:00:00;Reims;Toulouse;3;0;H;2;0;H;18;13;6;6;12;14;4;2;0;0;0;0;2,1;3,5;3,5;2,6;1,1;34,467;1,5;H
F1;26/02/2023;16:05:00;Monaco;Nice;0;3;A;0;3;A;15;12;4;7;8;12;5;3;0;1;0;0;2;3,6;3,6;1;2,3;9;-1,3;A
F1;26/02/2023;19:45:00;Marseille;Paris S-G;0;3;A;0;2;A;19;12;6;7;20;14;7;4;0;0;0;0;2,75;3,6;2,4;1,6;2;65,894;-0,4;D
F1;03/03/2023;20:00:00;Nice;Auxerre;1;1;D;1;1;D;17;3;5;1;10;12;8;0;0;1;0;0;1,65;3,75;5,75;1,6;0,5;21,133;1,1;H
F1;04/03/2023;16:00:00;Lens;Lille;1;1;D;1;0;H;10;11;1;6;18;14;10;3;2;4;0;0;2,38;3,3;3;0,9;1,6;37,974;-0,7;D
F1;04/03/2023;20:00:00;Paris S-G;Nantes;4;2;H;2;2;D;17;8;11;5;7;8;4;6;0;2;0;0;1,3;5,5;10;1,4;0,4;47,926;1;H
F1;05/03/2023;12:00:00;Troyes;Monaco;2;2;D;1;0;H;13;17;6;4;8;8;3;4;0;1;0;0;5,75;4,5;1,5;0,9;3;9,16;-2,1;A
F1;05/03/2023;14:00:00;Montpellier;Angers;5;0;H;3;0;H;15;10;8;4;10;18;6;5;1;4;0;1;1,75;3,6;4,75;2,9;0,9;11,664;2;H
F1;05/03/2023;14:00:00;Reims;Ajaccio;1;0;H;0;0;D;12;5;3;1;19;21;2;1;3;3;0;0;1,62;3,8;6;1;0,8;20,62;0,2;D
F1;05/03/2023;14:00:00;Strasbourg;Brest;0;1;A;0;1;A;17;8;4;1;14;17;9;2;2;1;0;0;2;3,25;4,2;1,2;0,8;25,123;0,4;D
F1;05/03/2023;14:00:00;Toulouse;Clermont Foot;0;1;A;0;0;D;9;12;0;3;20;4;4;5;4;1;0;0;1,75;3,75;4,75;0,6;0,4;12,855;0,2;D
F1;05/03/2023;16:05:00;Lyon;Lorient;0;0;D;0;0;D;17;11;5;1;19;6;6;5;1;0;0;0;1,53;4,33;6;2,2;1;38,568;1,2;H
F1;05/03/2023;19:45:00;Rennes;Marseille;0;1;A;0;0;D;13;11;2;4;10;10;4;3;1;1;0;0;2,75;3,5;2,5;1;1,6;28,515;-0,6;D
F1;10/03/2023;20:00:00;Lille;Lyon;3;3;D;0;0;D;8;6;6;5;20;19;4;0;5;4;0;0;1,85;3,75;4;2,3;0,8;40,314;1,5;H
F1;11/03/2023;16:00:00;Auxerre;Rennes;0;0;D;0;0;D;12;7;0;2;14;11;8;0;2;2;0;0;4;3,4;1,95;0,7;0,5;15,695;0,2;D
F1;11/03/2023;20:00:00;Brest;Paris S-G;1;2;A;1;1;D;7;17;2;8;6;12;6;3;1;1;0;0;7;4,75;1,44;0,6;2,6;14,935;-2;A
F1;12/03/2023;12:00:00;Clermont Foot;Lens;0;4;A;0;3;A;9;13;6;6;13;13;6;4;1;2;0;0;4,75;3,4;1,83;1,2;2;12,311;-0,8;D
F1;12/03/2023;14:00:00;Ajaccio;Montpellier;0;1;A;0;0;D;7;12;1;4;13;18;1;3;2;2;0;0;3;3,2;2,5;1,9;0,7;13,889;1,2;H
F1;12/03/2023;14:00:00;Angers;Toulouse;0;2;A;0;1;A;13;8;2;5;8;11;6;8;0;1;0;0;3,8;3,6;1,95;0,2;1;6,889;-0,8;D
F1;12/03/2023;14:00:00;Lorient;Troyes;2;0;H;1;0;H;16;9;6;2;11;10;1;4;0;2;0;0;1,73;3,75;4,75;1,6;1,2;33,568;0,4;D
F1;12/03/2023;14:00:00;Nantes;Nice;2;2;D;1;1;D;10;16;3;8;9;11;1;10;1;1;0;0;3;3,2;2,5;1,7;1,6;6,487;0,1;D
F1;12/03/2023;16:05:00;Monaco;Reims;0;1;A;0;0;D;14;17;3;8;9;14;3;3;1;2;0;0;1,8;3,75;4,33;0,9;1,9;5,383;-1;A
F1;12/03/2023;19:45:00;Marseille;Strasbourg;2;2;D;0;0;D;7;24;4;9;6;15;1;8;0;4;1;0;1,4;4,75;8;1,6;2,1;63,38;-0,5;D
F1;17/03/2023;20:00:00;Lyon;Nantes;1;1;D;1;1;D;11;11;6;5;13;7;5;2;0;1;0;0;1,6;4;5,75;1,4;1,7;38,88;-0,3;D
F1;18/03/2023;16:00:00;Toulouse;Lille;0;2;A;0;0;D;16;18;4;5;12;2;12;8;2;0;0;0;3,3;3,5;2,2;2,3;1,4;23,006;0,9;D
F1;18/03/2023;20:00:00;Lens;Angers;3;0;H;2;0;H;12;3;6;1;7;15;4;4;0;0;0;0;1,25;6;11;1,6;0,5;37,41;1,1;H
F1;19/03/2023;12:00:00;Ajaccio;Monaco;0;2;A;0;1;A;10;8;1;4;20;13;1;4;2;1;1;0;5,25;3,5;1,7;1,1;1,1;7,198;0;D
F1;19/03/2023;14:00:00;Montpellier;Clermont Foot;2;1;H;0;1;A;23;16;9;8;15;15;11;4;3;1;1;0;1,83;3,5;4,33;1,2;0,7;20,762;0,5;D
F1;19/03/2023;14:00:00;Nice;Lorient;1;1;D;0;1;A;16;9;1;3;13;10;10;2;0;2;0;1;1,62;3,8;5,25;2,8;0,7;25,53;2,1;H
F1;19/03/2023;14:00:00;Strasbourg;Auxerre;2;0;H;1;0;H;13;8;6;1;14;11;5;4;2;1;0;0;1,91;3,4;4;1,1;1,3;9,012;-0,2;D
F1;19/03/2023;14:00:00;Troyes;Brest;2;2;D;2;1;H;15;9;5;2;12;10;7;4;1;1;0;0;2,8;3,3;2,45;3,3;1,8;13,166;1,5;H
F1;19/03/2023;16:05:00;Paris S-G;Rennes;0;2;A;0;1;A;17;10;8;3;11;12;6;3;1;1;0;0;1,45;4,75;6,5;1,7;1,5;47;0,2;D
F1;19/03/2023;19:45:00;Reims;Marseille;1;2;A;1;2;A;19;12;6;5;13;11;6;5;2;3;0;0;3;3,3;2,4;1,6;1,2;20,479;0,4;D
F1;31/03/2023;20:00:00;Marseille;Montpellier;1;1;D;1;1;D;13;9;2;3;15;9;1;3;2;2;0;0;1,45;4,33;6,5;1,3;0,9;58,231;0,4;D
F1;01/04/2023;16:00:00;Auxerre;Troyes;1;0;H;0;0;D;13;14;5;2;7;15;4;5;0;0;0;0;1,85;3,6;4,2;1,1;1,5;16,512;-0,4;D
F1;01/04/2023;20:00:00;Rennes;Lens;0;1;A;0;1;A;10;12;3;4;13;11;5;5;2;2;0;0;2,55;3,4;2,75;1;1,5;28,556;-0,5;D
F1;02/04/2023;12:00:00;Lille;Lorient;3;1;H;1;0;H;20;2;7;1;14;9;5;1;3;3;0;1;1,36;5;8;2;0,2;32,862;1,8;H
F1;02/04/2023;14:00:00;Angers;Nice;1;1;D;1;1;D;13;12;6;3;8;11;5;2;1;1;0;0;6,5;3,9;1,55;1,7;1,2;12,325;0,5;D
F1;02/04/2023;14:00:00;Brest;Toulouse;3;1;H;1;1;D;17;8;7;3;16;12;4;2;2;5;0;1;2,9;3,4;2,4;0,9;1,5;6,649;-0,6;D
F1;02/04/2023;14:00:00;Clermont Foot;Ajaccio;2;1;H;0;1;A;14;3;6;2;15;22;5;1;2;5;0;1;2,1;3,2;3,8;2,4;0,4;9,436;2;H
F1;02/04/2023;14:00:00;Nantes;Reims;0;3;A;0;2;A;12;14;6;9;10;13;3;4;1;2;0;0;3,1;3,3;2,38;1,3;2,2;26,285;-0,9;D
F1;02/04/2023;16:05:00;Monaco;Strasbourg;4;3;H;1;2;A;9;13;7;6;15;17;3;3;3;1;1;0;1,53;4,33;6;1,4;1,5;5,356;-0,1;D
F1;02/04/2023;19:45:00;Paris S-G;Lyon;0;1;A;0;0;D;16;10;5;3;10;16;7;1;3;3;0;0;1,4;5;7;1,1;1,6;47;-0,5;D
F1;07/04/2023;20:00:00;Lens;Strasbourg;2;1;H;1;0;H;13;13;9;3;19;19;5;1;1;5;0;1;1,5;4,33;6,5;1;0,8;38,223;0,2;D
F1;08/04/2023;16:00:00;Angers;Lille;1;0;H;0;0;D;7;15;5;5;18;18;3;6;2;3;0;0;8;5;1,4;1;1,4;7,469;-0,4;D
F1;08/04/2023;20:00:00;Nice;Paris S-G;0;2;A;0;1;A;21;13;7;4;8;2;10;5;1;0;0;0;3,8;3,8;1,85;1,5;1,2;34,456;0,3;D
F1;09/04/2023;12:00:00;Lyon;Rennes;3;1;H;0;1;A;11;11;3;3;14;17;7;2;2;2;0;0;2,15;3,4;3,4;1,1;1,1;45;0;D
F1;09/04/2023;14:00:00;Ajaccio;Auxerre;0;3;A;0;3;A;9;11;2;4;13;15;7;5;1;3;0;0;2,8;2,9;2,8;1,9;2,1;17,283;-0,2;D
F1;09/04/2023;14:00:00;Montpellier;Toulouse;1;2;A;0;1;A;16;15;8;8;16;19;4;3;0;2;0;0;2,05;3,6;3,5;1,1;0,8;6,742;0,3;D
F1;09/04/2023;14:00:00;Reims;Brest;1;1;D;0;1;A;22;12;7;5;9;13;6;3;0;1;0;0;1,62;3,8;5,75;3,4;1,4;12,023;2;H
F1;09/04/2023;14:00:00;Troyes;Clermont Foot;0;2;A;0;2;A;9;12;3;4;18;9;3;2;3;2;0;0;2,75;3,25;2,63;0,4;1,3;7,777;-0,9;D
F1;09/04/2023;16:05:00;Nantes;Monaco;2;2;D;0;2;A;9;16;2;10;13;11;6;8;3;1;0;0;4;3,6;1,91;1,1;1,3;30,05;-0,2;D
F1;09/04/2023;19:45:00;Lorient;Marseille;0;0;D;0;0;D;9;13;5;2;10;18;3;6;0;2;0;0;5;4,2;1,65;0,4;0,9;16,767;-0,5;D
F1;14/04/2023;20:00:00;Toulouse;Lyon;1;2;A;1;1;D;13;14;6;3;14;10;8;5;1;4;0;0;3,4;3,8;2;1,2;2,3;28,302;-1,1;A
F1;15/04/2023;16:00:00;Rennes;Reims;3;0;H;2;0;H;23;5;8;1;12;14;6;4;1;2;0;0;2,2;3,4;3,25;2,9;0,4;27,936;2,5;H
F1;15/04/2023;20:00:00;Paris S-G;Lens;3;1;H;3;0;H;15;14;7;7;12;8;3;10;0;0;0;1;1,67;4,2;4,75;1,2;1,8;47,12;-0,6;D
F1;16/04/2023;12:00:00;Lille;Montpellier;2;1;H;0;1;A;17;4;7;1;15;19;8;4;1;3;0;0;1,5;4,5;6;2,1;0,4;34,2;1,7;H
F1;16/04/2023;14:00:00;Auxerre;Nantes;2;1;H;2;0;H;13;17;7;7;14;8;3;6;2;2;0;0;2,45;3,1;3,2;2,6;0,9;15,714;1,7;H
F1;16/04/2023;14:00:00;Brest;Nice;1;0;H;1;0;H;14;12;3;6;15;14;3;5;1;3;0;0;3,1;3,25;2,3;1,6;0,4;25,13;1,2;H
F1;16/04/2023;14:00:00;Clermont Foot;Angers;2;1;H;2;1;H;12;7;5;4;12;15;6;6;1;3;2;0;1,8;3,75;4,33;1,3;0,8;12,615;0,5;D
F1;16/04/2023;14:00:00;Strasbourg;Ajaccio;3;1;H;1;0;H;12;8;6;1;14;19;5;0;2;5;0;0;1,75;3,3;5,25;2,1;0,3;10,589;1,8;H
F1;16/04/2023;16:05:00;Monaco;Lorient;3;1;H;2;0;H;11;7;7;4;18;10;5;3;0;1;0;0;1,4;5;7;1,9;1,1;6,93;0,8;D
F1;16/04/2023;19:45:00;Marseille;Troyes;3;1;H;2;0;H;28;4;6;2;13;8;8;1;0;2;0;0;1,2;7;13;3,7;0,4;63,486;3,3;H
F1;21/04/2023;20:00:00;Angers;Paris S-G;1;2;A;0;2;A;16;10;4;4;6;8;5;8;0;0;0;0;13;7,5;1,2;1,8;1,6;16,914;0,2;D
F1;22/04/2023;16:00:00;Auxerre;Lille;1;1;D;0;1;A;8;14;4;6;12;12;4;4;0;1;0;0;4,5;4;1,7;1,5;2,2;16,779;-0,7;D
F1;22/04/2023;20:00:00;Lens;Monaco;3;0;H;2;0;H;21;11;8;4;8;14;2;4;0;2;0;0;2,1;3,6;3,4;2,3;1,6;38,223;0,7;D
F1;23/04/2023;12:00:00;Reims;Strasbourg;0;2;A;0;2;A;15;9;5;3;11;12;6;4;2;1;0;0;1,91;3,6;3,8;1,4;0,8;13,737;0,6;D
F1;23/04/2023;14:00:00;Ajaccio;Brest;0;0;D;0;0;D;3;10;2;2;11;20;4;4;2;2;1;0;3,1;3,1;2,38;1,7;1,8;34,082;-0,1;D
F1;23/04/2023;14:00:00;Lorient;Toulouse;0;1;A;0;0;D;9;13;1;4;13;12;2;7;3;2;0;0;2,38;3,75;2,88;1,3;1;20,578;0,3;D
F1;23/04/2023;14:00:00;Nantes;Troyes;2;2;D;1;0;H;19;9;9;4;12;10;13;4;1;0;0;0;1,62;4;5,25;0,3;0,6;6,879;-0,3;D
F1;23/04/2023;14:00:00;Nice;Clermont Foot;1;2;A;1;1;D;15;9;5;3;19;9;6;2;1;2;0;0;1,8;3,4;5;0,6;1,1;15,948;-0,5;D
F1;23/04/2023;16:05:00;Montpellier;Rennes;1;0;H;0;0;D;11;16;2;4;11;13;4;4;3;2;1;0;3,3;3,25;2,3;0,9;1,1;15,537;-0,2;D
F1;23/04/2023;19:45:00;Lyon;Marseille;1;2;A;0;1;A;7;14;2;7;11;18;5;3;2;1;0;0;2,5;3,5;2,7;1;2;57,509;-1;A
F1;28/04/2023;20:00:00;Strasbourg;Lyon;1;2;A;1;2;A;11;7;3;4;13;24;5;4;2;4;0;1;2,63;3,5;2,6;1,3;0,8;25,36;0,5;D
F1;29/04/2023;16:00:00;Lille;Ajaccio;3;0;H;3;0;H;10;2;5;0;10;13;9;0;1;2;0;0;1,22;6;15;1,6;0,5;35,49;1,1;H
F1;30/04/2023;12:00:00;Monaco;Montpellier;0;4;A;0;1;A;7;19;4;9;11;12;3;11;2;1;0;0;1,5;4,5;6;1,1;1,9;6,069;-0,8;D
F1;30/04/2023;14:00:00;Clermont Foot;Reims;1;0;H;1;0;H;6;13;2;2;8;12;5;6;0;2;1;0;3;3,5;2,3;0,7;3,3;8,399;-2,6;A
F1;30/04/2023;14:00:00;Rennes;Angers;4;2;H;2;2;D;13;4;4;2;14;11;7;5;1;2;0;0;1,29;5,5;11;1,6;0,8;11,446;0,8;D
F1;30/04/2023;14:00:00;Troyes;Nice;0;1;A;0;1;A;9;29;6;13;7;10;3;14;0;2;0;0;4,75;3,75;1,73;2,1;1;28,028;1,1;H
F1;30/04/2023;16:05:00;Paris S-G;Lorient;1;3;A;1;2;A;13;14;4;7;15;17;2;3;4;3;1;0;1,18;8;12;1,8;2,9;41,454;-1,1;A
F1;30/04/2023;19:45:00;Marseille;Auxerre;2;1;H;0;1;A;26;11;4;3;7;6;12;1;1;0;0;0;1,33;5,25;9,5;2,6;0,5;64,532;2,1;H
F1;02/05/2023;20:00:00;Toulouse;Lens;0;1;A;0;1;A;9;11;2;3;5;7;5;0;1;2;0;0;5;4,33;1,6;0,6;1,2;30,866;-0,6;D
F1;03/05/2023;20:00:00;Brest;Nantes;2;0;H;2;0;H;8;13;4;5;7;15;2;4;0;1;0;0;2,2;3,3;3,4;0,6;1;14,47;-0,4;D
F1;06/05/2023;16:00:00;Nice;Rennes;2;1;H;0;0;D;11;14;4;4;11;11;4;7;0;1;0;0;2,6;3,2;2,8;1,6;1,3;22,601;0,3;D
F1;06/05/2023;18:00:00;Reims;Lille;1;0;H;1;0;H;14;11;4;5;17;10;4;7;2;3;0;0;3,4;3,75;2,05;2;1,7;17,911;0,3;D
F1;06/05/2023;20:00:00;Lens;Marseille;2;1;H;1;0;H;9;14;3;3;12;16;7;7;5;2;0;0;2,3;3,5;3;0,7;1,3;38,22;-0,6;D
F1;07/05/2023;12:00:00;Angers;Monaco;1;2;A;0;1;A;10;14;3;6;13;17;4;3;3;2;0;0;6,5;4,75;1,44;1;2,1;9,223;-1,1;A
F1;07/05/2023;14:00:00;Ajaccio;Toulouse;0;0;D;0;0;D;4;15;2;5;10;8;4;7;3;0;0;0;3,4;3,5;2,1;0,3;1,7;6,735;-1,4;A
F1;07/05/2023;14:00:00;Auxerre;Clermont Foot;1;1;D;1;0;H;11;9;4;4;19;13;2;2;1;0;0;0;2,3;3,4;3,1;1;1,5;16,338;-0,5;D
F1;07/05/2023;14:00:00;Lorient;Brest;2;1;H;1;0;H;6;15;3;2;13;22;4;6;3;2;1;0;2,4;3,4;2,9;0,8;2,2;28,563;-1,4;A
F1;07/05/2023;14:00:00;Nantes;Strasbourg;0;2;A;0;1;A;13;8;5;6;22;15;11;1;3;1;0;0;2,75;3,4;2,55;1,2;1,5;16,33;-0,3;D
F1;07/05/2023;16:05:00;Lyon;Montpellier;5;4;H;1;2;A;16;12;8;6;12;14;3;5;0;3;0;0;1,62;4,33;5;2,9;1,8;49,531;1,1;H
F1;07/05/2023;19:45:00;Troyes;Paris S-G;1;3;A;0;1;A;7;31;3;12;5;5;6;6;1;0;0;0;8,5;5,5;1,33;0,7;4,1;18,89;-3,4;A
F1;12/05/2023;20:00:00;Lens;Reims;2;1;H;1;1;D;8;17;6;3;6;19;0;14;1;3;1;0;1,53;4,5;5,5;1,5;1,7;37,701;-0,2;D
F1;13/05/2023;16:00:00;Strasbourg;Nice;2;0;H;1;0;H;12;9;3;4;14;8;2;3;1;1;0;0;2,38;3,3;3;2;0,5;25,147;1,5;H
F1;13/05/2023;20:00:00;Paris S-G;Ajaccio;5;0;H;2;0;H;16;7;9;2;7;6;8;3;1;1;1;1;1,1;11;19;2,3;0,4;47,926;1,9;H
F1;14/05/2023;12:00:00;Clermont Foot;Lyon;2;1;H;1;1;D;9;15;6;4;17;10;5;2;3;3;0;0;4,33;3,75;1,8;1,8;1,7;13,191;0,1;D
F1;14/05/2023;14:00:00;Brest;Auxerre;1;0;H;0;0;D;15;10;10;2;8;8;6;0;0;0;0;0;2,1;3,2;3,75;1,6;0,6;12,595;1;H
F1;14/05/2023;14:00:00;Montpellier;Lorient;1;1;D;0;0;D;15;11;4;3;20;15;11;5;2;3;0;0;1,83;3,75;4,2;1,3;1;27,033;0,3;D
F1;14/05/2023;14:00:00;Rennes;Troyes;4;0;H;1;0;H;26;4;9;0;4;9;9;1;0;1;0;0;1,25;6;11;1,6;0,6;15,028;1;H
F1;14/05/2023;14:00:00;Toulouse;Nantes;0;0;D;0;0;D;14;8;6;1;6;13;10;5;1;1;0;0;2,1;3,5;3,4;3,9;0,4;27,836;3,5;H
F1;14/05/2023;16:05:00;Monaco;Lille;0;0;D;0;0;D;8;10;1;4;19;13;3;4;0;2;0;0;2,8;3,6;2,4;0,7;0,9;6,805;-0,2;D
F1;14/05/2023;19:45:00;Marseille;Angers;3;1;H;1;1;D;14;4;6;1;17;9;7;0;1;2;0;0;1,18;7,5;14;2,7;0,3;63,329;2,4;H
F1;19/05/2023;20:00:00;Lyon;Monaco;3;1;H;1;1;D;22;16;11;9;8;14;2;8;0;3;0;0;2,38;4;2,6;2,1;1,8;53,98;0,3;D
F1;20/05/2023;16:00:00;Nantes;Montpellier;0;3;A;0;1;A;13;13;3;6;14;8;10;6;4;0;0;0;2,1;3,5;3,4;0,9;1,8;30,17;-0,9;D
F1;20/05/2023;20:00:00;Lille;Marseille;2;1;H;0;1;A;12;8;3;3;14;20;3;4;3;2;0;0;2,4;3,6;2,75;1,7;0,7;47,399;1;H
F1;21/05/2023;12:00:00;Ajaccio;Rennes;0;5;A;0;4;A;2;13;0;7;8;14;2;5;1;2;1;0;7;4,2;1,5;0,1;1,3;6,637;-1,2;A
F1;21/05/2023;14:00:00;Brest;Clermont Foot;2;1;H;1;1;D;10;8;3;2;16;11;7;1;3;4;0;0;2,05;3,5;3,6;1,3;0,5;13,751;0,8;D
F1;21/05/2023;14:00:00;Nice;Toulouse;0;0;D;0;0;D;21;7;7;4;6;15;6;3;2;2;0;0;1,85;3,75;3,8;1,5;1,2;11,242;0,3;D
F1;21/05/2023;14:00:00;Reims;Angers;2;2;D;1;0;H;11;7;5;3;14;11;7;3;0;2;0;0;1,36;5,5;7;2,2;0,8;20,041;1,4;H
F1;21/05/2023;14:00:00;Troyes;Strasbourg;1;1;D;0;1;A;8;16;3;5;9;17;4;6;1;1;1;1;5,5;4,33;1,57;0,6;1,6;9,834;-1;A
F1;21/05/2023;16:05:00;Lorient;Lens;1;3;A;1;2;A;13;15;5;7;14;13;3;5;2;2;0;0;5,5;4,33;1,57;1,3;1,9;16,724;-0,6;D
F1;21/05/2023;19:45:00;Auxerre;Paris S-G;1;2;A;0;2;A;14;15;7;4;11;6;4;6;1;0;0;0;8;5,25;1,36;0,9;2,1;16,682;-1,2;A
F1;27/05/2023;20:00:00;Angers;Troyes;2;1;H;1;1;D;18;5;5;3;12;7;14;3;1;1;0;0;1,95;3,75;3,6;2,1;1;41,136;1,1;H
F1;27/05/2023;20:00:00;Clermont Foot;Lorient;2;0;H;1;0;H;18;6;7;1;13;12;9;1;0;0;0;0;2,15;3,4;3,4;1,3;0,5;28,344;0,8;D
F1;27/05/2023;20:00:00;Lens;Ajaccio;3;0;H;3;0;H;12;6;3;0;12;12;9;2;1;2;0;0;1,13;9;17;2,6;1,1;56,874;1,5;H
F1;27/05/2023;20:00:00;Lille;Nantes;2;1;H;0;1;A;9;8;2;3;7;12;5;3;2;4;0;0;1,44;4,75;7;1,2;0,3;7,419;0,9;D
F1;27/05/2023;20:00:00;Lyon;Reims;3;0;H;2;0;H;23;10;7;1;11;15;7;4;1;1;0;1;1,57;4,75;5;2,3;0,2;37,601;2,1;H
F1;27/05/2023;20:00:00;Marseille;Brest;1;2;A;0;0;D;10;15;4;5;14;16;3;5;2;2;0;0;1,36;5,25;7;2,3;3,4;16,34;-1,1;A
F1;27/05/2023;20:00:00;Montpellier;Nice;2;3;A;2;0;H;14;23;8;15;12;16;2;10;0;3;0;0;2,45;3,5;2,8;1,4;1,1;13,05;0,3;D
F1;27/05/2023;20:00:00;Rennes;Monaco;2;0;H;0;0;D;12;11;6;3;11;7;7;3;0;3;0;0;2,05;3,75;3,3;1,2;1;25,828;0,2;D
F1;27/05/2023;20:00:00;Strasbourg;Paris S-G;1;1;D;0;0;D;17;7;5;2;9;8;4;2;1;2;0;0;5;4,2;1,62;0,8;0,9;25,172;-0,1;D
F1;27/05/2023;20:00:00;Toulouse;Auxerre;1;1;D;1;1;D;10;16;3;2;18;14;6;3;1;3;0;0;2,2;3,6;3,1;1,1;1;61,732;0,1;D
F1;03/06/2023;20:00:00;Ajaccio;Marseille;1;0;H;0;0;D;3;17;1;5;19;15;2;3;1;1;0;0;9;5,25;1,33;2,2;3,1;47,926;-0,9;D
F1;03/06/2023;20:00:00;Auxerre;Lens;1;3;A;0;1;A;17;15;5;7;10;16;5;5;1;3;0;0;2,8;3,6;2,38;2,2;2,6;5,67;-0,4;D
F1;03/06/2023;20:00:00;Brest;Rennes;1;2;A;1;2;A;14;12;5;3;10;14;3;3;2;4;0;0;5,75;4,2;1,55;0,1;1,4;9,5;-1,3;A
F1;03/06/2023;20:00:00;Lorient;Strasbourg;2;1;H;2;0;H;5;15;3;7;9;15;4;4;1;1;0;0;3;3,5;2,3;1,5;2,3;15,036;-0,8;D
F1;03/06/2023;20:00:00;Monaco;Toulouse;1;2;A;0;0;D;19;22;7;8;10;11;4;7;1;2;0;0;1,45;5,25;5,5;1,1;0,3;27,65;0,8;D
F1;03/06/2023;20:00:00;Nantes;Angers;1;0;H;1;0;H;11;5;7;1;12;13;8;1;1;0;0;0;1,36;5,25;8;2,3;1,8;25,243;0,5;D
F1;03/06/2023;20:00:00;Nice;Lyon;3;1;H;3;1;H;16;16;6;7;8;12;3;2;0;1;0;0;2,38;4;2,7;0,4;1,4;11,006;-1;A
F1;03/06/2023;20:00:00;Paris S-G;Clermont Foot;2;3;A;2;2;D;16;12;6;5;17;11;6;2;2;1;0;0;1,22;6,5;10;3,3;2,8;17,246;0,5;D
F1;03/06/2023;20:00:00;Reims;Montpellier;1;3;A;1;0;H;11;16;5;8;16;9;4;7;1;2;0;0;2;3,8;3,4;0,5;1;16,351;-0,5;D
F1;03/06/2023;20:00:00;Troyes;Lille;1;1;D;0;0;D;8;18;3;7;9;15;2;8;0;4;0;0;12;6,5;1,22;1,5;1,9;15,143;-0,4;D
